id,source_contract,candidate_design,classification,qualification
F01,source-audit.md,component-designs.md,source-backed family/responsibility; active or conditional,source reasoning only; runtime unqualified; detailed source gaps remain
F02,source-audit.md,component-designs.md,source-backed family/responsibility; active or conditional,source reasoning only; runtime unqualified; detailed source gaps remain
F03,source-audit.md,component-designs.md,source-backed family/responsibility; active or conditional,source reasoning only; runtime unqualified; detailed source gaps remain
F04,source-audit.md,component-designs.md,source-backed family/responsibility; active or conditional,source reasoning only; runtime unqualified; detailed source gaps remain
F05,source-audit.md,component-designs.md,source-backed family/responsibility; active or conditional,source reasoning only; runtime unqualified; detailed source gaps remain
F06,source-audit.md,component-designs.md,source-backed family/responsibility; active or conditional,source reasoning only; runtime unqualified; detailed source gaps remain
F07,source-audit.md,component-designs.md,source-backed family/responsibility; active or conditional,source reasoning only; runtime unqualified; detailed source gaps remain
F08,source-audit.md,component-designs.md,source-backed family/responsibility; active or conditional,source reasoning only; runtime unqualified; detailed source gaps remain
F09,source-audit.md,component-designs.md,source-backed family/responsibility; active or conditional,source reasoning only; runtime unqualified; detailed source gaps remain
F10,source-audit.md,component-designs.md,source-backed family/responsibility; active or conditional,source reasoning only; runtime unqualified; detailed source gaps remain
D01,source-audit.md,component-designs.md,source-backed family/responsibility; active or conditional,source reasoning only; runtime unqualified; detailed source gaps remain
D02,source-audit.md,component-designs.md,source-backed family/responsibility; active or conditional,source reasoning only; runtime unqualified; detailed source gaps remain
D03,source-audit.md,component-designs.md,source-backed family/responsibility; active or conditional,source reasoning only; runtime unqualified; detailed source gaps remain
D04,source-audit.md,component-designs.md,source-backed family/responsibility; active or conditional,source reasoning only; runtime unqualified; detailed source gaps remain
D05,source-audit.md,component-designs.md,source-backed family/responsibility; active or conditional,source reasoning only; runtime unqualified; detailed source gaps remain
D06,source-audit.md,component-designs.md,source-backed family/responsibility; active or conditional,source reasoning only; runtime unqualified; detailed source gaps remain
D07,source-audit.md,component-designs.md,source-backed family/responsibility; active or conditional,source reasoning only; runtime unqualified; detailed source gaps remain
D08,source-audit.md,component-designs.md,source-backed family/responsibility; active or conditional,source reasoning only; runtime unqualified; detailed source gaps remain
D09,source-audit.md,component-designs.md,source-backed family/responsibility; active or conditional,source reasoning only; runtime unqualified; detailed source gaps remain
D10,source-audit.md,component-designs.md,source-backed family/responsibility; active or conditional,source reasoning only; runtime unqualified; detailed source gaps remain
D11,source-audit.md,component-designs.md,source-backed family/responsibility; active or conditional,source reasoning only; runtime unqualified; detailed source gaps remain
D12,source-audit.md,component-designs.md,source-backed family/responsibility; active or conditional,source reasoning only; runtime unqualified; detailed source gaps remain
D13,source-audit.md,component-designs.md,source-backed family/responsibility; active or conditional,source reasoning only; runtime unqualified; detailed source gaps remain
D14,source-audit.md,component-designs.md,source-backed family/responsibility; active or conditional,source reasoning only; runtime unqualified; detailed source gaps remain
D15,source-audit.md,component-designs.md,source-backed family/responsibility; active or conditional,source reasoning only; runtime unqualified; detailed source gaps remain
D16,source-audit.md,component-designs.md,dormant/no output,source reasoning only; runtime unqualified; detailed source gaps remain
D17,source-audit.md,component-designs.md,source-backed family/responsibility; active or conditional,source reasoning only; runtime unqualified; detailed source gaps remain
R01,resources-platform.md,resources-platform.md,source-backed family/responsibility; active or conditional,source reasoning only; runtime unqualified; detailed source gaps remain
R02,resources-platform.md,resources-platform.md,source-backed family/responsibility; active or conditional,source reasoning only; runtime unqualified; detailed source gaps remain
R03,resources-platform.md,resources-platform.md,source-backed family/responsibility; active or conditional,source reasoning only; runtime unqualified; detailed source gaps remain
R04,resources-platform.md,resources-platform.md,source-backed family/responsibility; active or conditional,source reasoning only; runtime unqualified; detailed source gaps remain
R05,resources-platform.md,resources-platform.md,source-backed family/responsibility; active or conditional,source reasoning only; runtime unqualified; detailed source gaps remain
R06,resources-platform.md,resources-platform.md,source-backed family/responsibility; active or conditional,source reasoning only; runtime unqualified; detailed source gaps remain
R07,resources-platform.md,resources-platform.md,source-backed family/responsibility; active or conditional,source reasoning only; runtime unqualified; detailed source gaps remain
R08,resources-platform.md,resources-platform.md,source-backed family/responsibility; active or conditional,source reasoning only; runtime unqualified; detailed source gaps remain
R09,resources-platform.md,resources-platform.md,source-backed family/responsibility; active or conditional,source reasoning only; runtime unqualified; detailed source gaps remain
P01,resources-platform.md,resources-platform.md,source-backed family/responsibility; active or conditional,source reasoning only; runtime unqualified; detailed source gaps remain
P02,resources-platform.md,resources-platform.md,source-backed family/responsibility; active or conditional,source reasoning only; runtime unqualified; detailed source gaps remain
P03,resources-platform.md,resources-platform.md,source-backed family/responsibility; active or conditional,source reasoning only; runtime unqualified; detailed source gaps remain
B01,resources-platform.md,resources-platform.md,source-backed family/responsibility; active or conditional,source reasoning only; runtime unqualified; detailed source gaps remain
S01,scene-ui-auxiliary.md,scene-ui-auxiliary.md,source-backed family/responsibility; active or conditional,source reasoning only; runtime unqualified; detailed source gaps remain
S02,scene-ui-auxiliary.md,scene-ui-auxiliary.md,source-backed family/responsibility; active or conditional,source reasoning only; runtime unqualified; detailed source gaps remain
S03,scene-ui-auxiliary.md,scene-ui-auxiliary.md,source-backed family/responsibility; active or conditional,source reasoning only; runtime unqualified; detailed source gaps remain
S04,scene-ui-auxiliary.md,scene-ui-auxiliary.md,source-backed family/responsibility; active or conditional,source reasoning only; runtime unqualified; detailed source gaps remain
S05,scene-ui-auxiliary.md,scene-ui-auxiliary.md,source-backed family/responsibility; active or conditional,source reasoning only; runtime unqualified; detailed source gaps remain
S06,scene-ui-auxiliary.md,scene-ui-auxiliary.md,source-backed family/responsibility; active or conditional,source reasoning only; runtime unqualified; detailed source gaps remain
S07,scene-ui-auxiliary.md,scene-ui-auxiliary.md,source-backed family/responsibility; active or conditional,source reasoning only; runtime unqualified; detailed source gaps remain
S08,scene-ui-auxiliary.md,scene-ui-auxiliary.md,source-backed family/responsibility; active or conditional,source reasoning only; runtime unqualified; detailed source gaps remain
S09,scene-ui-auxiliary.md,scene-ui-auxiliary.md,source-backed family/responsibility; active or conditional,source reasoning only; runtime unqualified; detailed source gaps remain
S10,scene-ui-auxiliary.md,scene-ui-auxiliary.md,source-backed family/responsibility; active or conditional,source reasoning only; runtime unqualified; detailed source gaps remain
U01,scene-ui-auxiliary.md,scene-ui-auxiliary.md,source-backed family/responsibility; active or conditional,source reasoning only; runtime unqualified; detailed source gaps remain
U02,scene-ui-auxiliary.md,scene-ui-auxiliary.md,source-backed family/responsibility; active or conditional,source reasoning only; runtime unqualified; detailed source gaps remain
U03,scene-ui-auxiliary.md,scene-ui-auxiliary.md,source-backed family/responsibility; active or conditional,source reasoning only; runtime unqualified; detailed source gaps remain
U04,scene-ui-auxiliary.md,scene-ui-auxiliary.md,source-backed family/responsibility; active or conditional,source reasoning only; runtime unqualified; detailed source gaps remain
U05,scene-ui-auxiliary.md,scene-ui-auxiliary.md,source-backed family/responsibility; active or conditional,source reasoning only; runtime unqualified; detailed source gaps remain
U06,scene-ui-auxiliary.md,scene-ui-auxiliary.md,source-backed family/responsibility; active or conditional,source reasoning only; runtime unqualified; detailed source gaps remain
A01,scene-ui-auxiliary.md,scene-ui-auxiliary.md,source-backed family/responsibility; active or conditional,source reasoning only; runtime unqualified; detailed source gaps remain
A02,scene-ui-auxiliary.md,scene-ui-auxiliary.md,source-backed family/responsibility; active or conditional,source reasoning only; runtime unqualified; detailed source gaps remain
A03,scene-ui-auxiliary.md,scene-ui-auxiliary.md,source-backed family/responsibility; active or conditional,source reasoning only; runtime unqualified; detailed source gaps remain
A04,scene-ui-auxiliary.md,scene-ui-auxiliary.md,source-backed family/responsibility; active or conditional,source reasoning only; runtime unqualified; detailed source gaps remain
A05,scene-ui-auxiliary.md,scene-ui-auxiliary.md,source-backed family/responsibility; active or conditional,source reasoning only; runtime unqualified; detailed source gaps remain
A06,scene-ui-auxiliary.md,scene-ui-auxiliary.md,source-backed family/responsibility; active or conditional,source reasoning only; runtime unqualified; detailed source gaps remain
H01,shader-contracts.md,shader-contracts.md,source-backed family/responsibility; active or conditional,source reasoning only; runtime unqualified; detailed source gaps remain
H02,shader-contracts.md,shader-contracts.md,source-backed family/responsibility; active or conditional,source reasoning only; runtime unqualified; detailed source gaps remain
H03,shader-contracts.md,shader-contracts.md,source-backed family/responsibility; active or conditional,source reasoning only; runtime unqualified; detailed source gaps remain
H04,shader-contracts.md,shader-contracts.md,source-backed family/responsibility; active or conditional,source reasoning only; runtime unqualified; detailed source gaps remain
H05,shader-contracts.md,shader-contracts.md,source-backed family/responsibility; active or conditional,source reasoning only; runtime unqualified; detailed source gaps remain
H06,shader-contracts.md,shader-contracts.md,source-backed family/responsibility; active or conditional,source reasoning only; runtime unqualified; detailed source gaps remain
H07,shader-contracts.md,shader-contracts.md,source-backed family/responsibility; active or conditional,source reasoning only; runtime unqualified; detailed source gaps remain
H08,shader-contracts.md,shader-contracts.md,source-backed family/responsibility; active or conditional,source reasoning only; runtime unqualified; detailed source gaps remain
H09,shader-contracts.md,shader-contracts.md,source-backed family/responsibility; active or conditional,source reasoning only; runtime unqualified; detailed source gaps remain
H10,shader-contracts.md,shader-contracts.md,dormant error-shader fallback; #if 0; no required production output,source reasoning only; runtime unqualified; detailed source gaps remain
H11,shader-contracts.md,shader-contracts.md,source-backed family/responsibility; active or conditional,source reasoning only; runtime unqualified; detailed source gaps remain
