record,baseline_contract,diligent_public_route,bgfx_public_route,constraint_or_decision_test,diligent_evidence,bgfx_evidence,status
F01,Frame/startup/disconnect/snapshot orchestration,IEngineFactoryVk::CreateDeviceAndContextsVk; IDeviceContext::Flush/FinishFrame,init/begin/end/frame; ViewId scheduler,Extract GL callbacks; bgfx commands execute by frame class rather than CPU call order.,DC/DP,BV/BH,candidate source/API mapping; no integration or runtime qualification
F02,Nested main/auxiliary/HUD/capture views,ITexture::CreateView; IDeviceContext::SetRenderTargets/SetViewports/SetScissorRects/TransitionResourceStates,Attachment/FrameBufferHandle; setViewFrameBuffer/setViewRect/setViewTransform/setViewOrder,No mutable global camera during recording; each bgfx pass gets dedicated configured view.,DC/DU/DR,BV,candidate source/API mapping; no integration or runtime qualification
F03,MRT encodings/shared depth/water mask/post targets,ITexture::CreateView; IDeviceContext::SetRenderTargets/SetViewports/SetScissorRects/TransitionResourceStates; GraphicsPipelineDesc RTVFormats/DSVFormat,Attachment/FrameBufferHandle; setViewFrameBuffer/setViewRect/setViewTransform/setViewOrder; isTextureValid/getCaps,Query actual format blend/sample/depth usages; padding and attachment order must preserve encodings.,DC/DU/DR,BV/BU,candidate source/API mapping; no integration or runtime qualification
F04,Deferred sun/local/projector lighting,IDeviceContext::SetRenderTargets/SetPipelineState/CommitShaderResources/Draw; TransitionResourceStates,setViewFrameBuffer/setViewOrder; Encoder::setTexture/setUniform/submit; setState additive blend,Preserve inside/outside light volume branches and mixed G-buffer interpretation.,DC/DS,BV/BS,candidate source/API mapping; no integration or runtime qualification
F05,Sun/spot shadow fitting and masked draws,ITexture::CreateView; IDeviceContext::SetRenderTargets/SetViewports/SetScissorRects/TransitionResourceStates; rasterizer depth bias; IDeviceContext::SetPipelineState/CommitShaderResources/SetVertexBuffers/SetIndexBuffer/DrawIndexed,Attachment/FrameBufferHandle; setViewFrameBuffer/setViewRect/setViewTransform/setViewOrder; setDepthControl; Encoder::setState/setVertexBuffer/setIndexBuffer/setTexture/setUniform/submit,Preserve bias/clamp/compare policy; qualify depth-control and shadow filter semantics.,DC/DU/DR,BV/BS,candidate source/API mapping; no integration or runtime qualification
F06,Probe face/mip capture/convolution/partial publication,ITexture::CreateView; IDeviceContext::SetRenderTargets/SetViewports/SetScissorRects/TransitionResourceStates; CopyTexture/GenerateMips,Attachment/FrameBufferHandle; setViewFrameBuffer/setViewRect/setViewTransform/setViewOrder; createTextureCube; blit/dispatch,Diligent partial states explicit; bgfx whole-image state requires serialized compatible usage.,DU/DC/DR,BV/BU,candidate source/API mapping; no integration or runtime qualification
F07,Hero mirrors/rates/clip/radiance filtering,ITexture::CreateView; IDeviceContext::SetRenderTargets/SetViewports/SetScissorRects/TransitionResourceStates; IDeviceContext::SetRenderTargets/SetPipelineState/CommitShaderResources/Draw; TransitionResourceStates,Attachment/FrameBufferHandle; setViewFrameBuffer/setViewRect/setViewTransform/setViewOrder; setViewFrameBuffer/setViewOrder; Encoder::setTexture/setUniform/submit,Respect reflected winding/clip and rate schedule; avoid history/state leakage.,DC/DU/DR,BV/BU,candidate source/API mapping; no integration or runtime qualification
F08,SSR/exposure/glow/DoF/AA/RLVa/post ordering,IDeviceContext::SetRenderTargets/SetPipelineState/CommitShaderResources/Draw; TransitionResourceStates,setViewFrameBuffer/setViewOrder; Encoder::setTexture/setUniform/submit; dispatch in separate views,No generic FX substitution; bgfx compute sorts before graphics within a view.,DC/DS,BV/BS,candidate source/API mapping; no integration or runtime qualification
F09,Previous scene/matrices/exposure/glow history,IRenderDevice::CreateBuffer/CreateTexture; IDeviceContext::UpdateBuffer/UpdateTexture/CopyTexture; explicit input SRB generations,createVertexBuffer/createTexture2D; copy/makeRef; update(DynamicVertexBufferHandle)/updateTexture2D; persistent TextureHandle/setTexture,"History follows view serial, not backend flight slot or flush-only transaction.",DC/DH/DR,BV/BH,candidate source/API mapping; no integration or runtime qualification
F10,Selection/debug/wire/line/highlight overlays,IDeviceContext::SetPipelineState/CommitShaderResources/SetVertexBuffers/SetIndexBuffer/DrawIndexed; BeginDebugGroup/InsertDebugLabel,Encoder::setState/setVertexBuffer/setIndexBuffer/setTexture/setUniform/submit; setMarker/setDebug,Preserve state/blend/depth; unsupported geometry/wide-line mechanisms need bounded equivalent geometry.,DC,BV/BS,candidate source/API mapping; no integration or runtime qualification
D01,Legacy simple static/rigged opaque,IDeviceContext::SetPipelineState/CommitShaderResources/SetVertexBuffers/SetIndexBuffer/DrawIndexed,Encoder::setState/setVertexBuffer/setIndexBuffer/setTexture/setUniform/submit,Bounded texture-index fetch and palette interpretation.,DC/DS,BV/BS,candidate source/API mapping; no integration or runtime qualification
D02,Legacy alpha-mask opaque,IDeviceContext::SetPipelineState/CommitShaderResources/SetVertexBuffers/SetIndexBuffer/DrawIndexed,Encoder::setState/setVertexBuffer/setIndexBuffer/setTexture/setUniform/submit,Material threshold/UV/depth and shadow matching.,DC/DS,BV/BS,candidate source/API mapping; no integration or runtime qualification
D03,Fullbright world/HUD/rigged,IDeviceContext::SetPipelineState/CommitShaderResources/SetVertexBuffers/SetIndexBuffer/DrawIndexed,Encoder::setState/setVertexBuffer/setIndexBuffer/setTexture/setUniform/submit,Exposure cancellation/gamma differs from generic unlit; preserve glow alpha.,DC/DS,BV/BS,candidate source/API mapping; no integration or runtime qualification
D04,Fullbright mask and separate glTF unlit route,IDeviceContext::SetPipelineState/CommitShaderResources/SetVertexBuffers/SetIndexBuffer/DrawIndexed,Encoder::setState/setVertexBuffer/setIndexBuffer/setTexture/setUniform/submit,Distinct material producer and HUD math; no route loss.,DC/DS,BV/BS,candidate source/API mapping; no integration or runtime qualification
D05,Grass cutout/nonindexed texture,IDeviceContext::SetPipelineState/CommitShaderResources/SetVertexBuffers/SetIndexBuffer/DrawIndexed,Encoder::setState/setVertexBuffer/setIndexBuffer/setTexture/setUniform/submit,"Preserve cutoff, wind/LOD and matching shadows.",DC/DS,BV/BS,candidate source/API mapping; no integration or runtime qualification
D06,Tree cutout/transform/shadow,IDeviceContext::SetPipelineState/CommitShaderResources/SetVertexBuffers/SetIndexBuffer/DrawIndexed,Encoder::setState/setVertexBuffer/setIndexBuffer/setTexture/setUniform/submit,Keep CPU generation and shadow bias/cutoff.,DC/DS,BV/BS,candidate source/API mapping; no integration or runtime qualification
D07,Four-layer legacy/PBR terrain,IDeviceContext::SetPipelineState/CommitShaderResources/SetVertexBuffers/SetIndexBuffer/DrawIndexed,Encoder::setState/setVertexBuffer/setIndexBuffer/setTexture/setUniform/submit,Measure realized program samplers including environment/shadows; bgfx binding-stage limit and packed layer data gate.,DC/DS,BV/BS,candidate source/API mapping; no integration or runtime qualification
D08,Bump/shiny and generated normals,IDeviceContext::SetPipelineState/CommitShaderResources/SetVertexBuffers/SetIndexBuffer/DrawIndexed,Encoder::setState/setVertexBuffer/setIndexBuffer/setTexture/setUniform/submit,Separate callback-generated image publication; no implicit texture matrix state.,DC/DS,BV/BS,candidate source/API mapping; no integration or runtime qualification
D09,Legacy material permutations,IDeviceContext::SetPipelineState/CommitShaderResources/SetVertexBuffers/SetIndexBuffer/DrawIndexed,Encoder::setState/setVertexBuffer/setIndexBuffer/setTexture/setUniform/submit,"Generate realized opaque/alpha routes and spec/normal/UV fields, not source-file count.",DC/DS,BV/BS,candidate source/API mapping; no integration or runtime qualification
D10,PBR/glTF/HUD and glow,IDeviceContext::SetPipelineState/CommitShaderResources/SetVertexBuffers/SetIndexBuffer/DrawIndexed,Encoder::setState/setVertexBuffer/setIndexBuffer/setTexture/setUniform/submit,Double-sided tangent/front-face/ORM/alpha math; distinct glTF scene routing.,DC/DS,BV/BS,candidate source/API mapping; no integration or runtime qualification
D11,Avatar/control/impostor/body shadows,IDeviceContext::SetPipelineState/CommitShaderResources/SetVertexBuffers/SetIndexBuffer/DrawIndexed,Encoder::setState/setVertexBuffer/setIndexBuffer/setTexture/setUniform/submit,Morph/joints remain CPU; packed palettes and conditional body/shadow routes.,DC/DS,BV/BS,candidate source/API mapping; no integration or runtime qualification
D12,Sorted/PPLL capture/resolve/depth replay/residual,IDeviceContext::SetPipelineState/CommitShaderResources/SetVertexBuffers/SetIndexBuffer/DrawIndexed; PixelUAVWritesAndAtomics; UAV TransitionResourceStates,Encoder::setState/setVertexBuffer/setIndexBuffer/setTexture/setUniform/submit; setBuffer/setImage; distinct-FBO pass-boundary candidate,Fragment atomic format and graphics write/read dependency proof required; bgfx real pass boundary gate.,DC/DS/DU,BV/BS/BU,candidate source/API mapping; no integration or runtime qualification
D13,Transparent/opaque/underwater/void water,IDeviceContext::SetPipelineState/CommitShaderResources/SetVertexBuffers/SetIndexBuffer/DrawIndexed; CopyTexture/SetRenderTargets,Encoder::setState/setVertexBuffer/setIndexBuffer/setTexture/setUniform/submit; blit/setViewFrameBuffer,"Detached color/depth copy, clipping and haze policy; no active attachment feedback.",DC/DU,BV/BU,candidate source/API mapping; no integration or runtime qualification
D14,Water exclusion mask and private depth,IDeviceContext::SetPipelineState/CommitShaderResources/SetVertexBuffers/SetIndexBuffer/DrawIndexed; CopyTexture/SetRenderTargets,Encoder::setState/setVertexBuffer/setIndexBuffer/setTexture/setUniform/submit; blit/setViewFrameBuffer,Clear/mask/depth behavior and multi-plane clipping; preserve attachment writes/read ordering.,DC/DU,BV/BU,candidate source/API mapping; no integration or runtime qualification
D15,Alpha-only glow + bloom extraction/filter/combine,IDeviceContext::SetPipelineState/CommitShaderResources/SetVertexBuffers/SetIndexBuffer/DrawIndexed; CopyTexture/SetRenderTargets,Encoder::setState/setVertexBuffer/setIndexBuffer/setTexture/setUniform/submit; blit/setViewFrameBuffer,Independent RGB/A masks/factors; preserve alpha through PPLL resolve and post.,DC/DU,BV/BU,candidate source/API mapping; no integration or runtime qualification
D16,Dormant empty old-sky pool,No active output; no framework facility required,No active output; no framework facility required,No required output or active migration; reconsider only with source reachability evidence.,baseline D16,baseline D16,candidate source/API mapping; no integration or runtime qualification
D17,EEP sky/celestial/cloud/HDRI,IDeviceContext::SetPipelineState/CommitShaderResources/SetVertexBuffers/SetIndexBuffer/DrawIndexed,Encoder::setState/setVertexBuffer/setIndexBuffer/setTexture/setUniform/submit,"Environment/view branches, depth-clear boundary, source cube orientation and exposure scaling.",DC/DS,BV/BS,candidate source/API mapping; no integration or runtime qualification
R01,Drawing/state facade,IDeviceContext::SetPipelineState/CommitShaderResources/SetVertexBuffers/SetIndexBuffer/DrawIndexed,Encoder::setState/setVertexBuffer/setIndexBuffer/setTexture/setUniform/submit,Extract complete explicit state; ambient gGL cache cannot remain native producer.,DC,BV,candidate source/API mapping; no integration or runtime qualification
R02,Vertex/index buffers and streaming,IRenderDevice::CreateBuffer/CreateTexture; IDeviceContext::UpdateBuffer/UpdateTexture/CopyTexture,createVertexBuffer/createTexture2D; copy/makeRef; update(DynamicVertexBufferHandle)/updateTexture2D,Packed vertex/index ABI and bounded stream capacity; library owns backend allocations/retirement.,DC/DS/DH/DR,BS/BH,candidate source/API mapping; no integration or runtime qualification
R03,Images/residency/eviction/destruction,IRenderDevice::CreateBuffer/CreateTexture; IDeviceContext::UpdateBuffer/UpdateTexture/CopyTexture; resource reference lifetime,createVertexBuffer/createTexture2D; copy/makeRef; update(DynamicVertexBufferHandle)/updateTexture2D; destroy,Library backend retirement plus CPU generation pinning; no fixed-frame custom deletes.,DH/DR,BH,candidate source/API mapping; no integration or runtime qualification
R04,Worker upload readiness/publication,IRenderDevice::CreateBuffer/CreateTexture; IDeviceContext::UpdateBuffer/UpdateTexture/CopyTexture; EnqueueSignal/Flush/DeviceWaitForFence,createVertexBuffer/createTexture2D; copy/makeRef; update(DynamicVertexBufferHandle)/updateTexture2D; release callback/frame-generation ownership,CPU callback != GPU completion; plugin bytes retained; serialized library submission first.,DH/DR,BH,candidate source/API mapping; no integration or runtime qualification
R05,Shader wrapper/linkage/state ABI,IRenderDevice::CreateShader/CreateGraphicsPipelineState/CreatePipelineResourceSignature; IShader::GetResourceDesc,shaderc SPIR-V path; createShader/createProgram/createUniform; setUniform/setTexture/setBuffer/setImage,Generate entry/permutation/reflection manifests; Diligent remapping vs bgfx container/HLSL conversion.,DS,BS,candidate source/API mapping; no integration or runtime qualification
R06,Render targets/borrowed depth/nested state,ITexture::CreateView; IDeviceContext::SetRenderTargets/SetViewports/SetScissorRects/TransitionResourceStates,Attachment/FrameBufferHandle; setViewFrameBuffer/setViewRect/setViewTransform/setViewOrder,Views borrow library texture generations; preserve shared depth/read-only layouts/load-store.,DC/DU/DR,BV/BU,candidate source/API mapping; no integration or runtime qualification
R07,Cube/cube-array/mip generation,ITexture::CreateView; IDeviceContext::SetRenderTargets/SetViewports/SetScissorRects/TransitionResourceStates; TEXTURE_VIEW_DESC/CopyTexture,Attachment/FrameBufferHandle; setViewFrameBuffer/setViewRect/setViewTransform/setViewOrder; createTextureCube/updateTextureCube/blit,Face indices and partial visibility; no automatic complete-cube temporal redesign.,DU/DR,BV/BU,candidate source/API mapping; no integration or runtime qualification
R08,Compressed/raw image readback,IDeviceContext::CopyTexture/EnqueueSignal/Flush; IFence::GetCompletedValue/Wait; MapTextureSubresource,Encoder::blit; read(TextureRegion); frame(BGFX_FRAME_FLUSH); stable destination until returned frame; read(BufferRegion),Pixel/packed/compressed output contract and stride; bgfx whole-mip/dedicated readback limits.,DH,BH,candidate source/API mapping; no integration or runtime qualification
R09,Media dirty image publication,IRenderDevice::CreateBuffer/CreateTexture; IDeviceContext::UpdateBuffer/UpdateTexture/CopyTexture; completion-ready generation,createVertexBuffer/createTexture2D; copy/makeRef; update(DynamicVertexBufferHandle)/updateTexture2D; borrowed memory release owner,Copy shared memory or retain producer ownership; preserve untouched pixels after dirty update.,DH/DR,BH,candidate source/API mapping; no integration or runtime qualification
P01,Device/capability/window initialization,CreateDeviceAndContextsVk/CreateSwapChainVk; device format/features,Init/PlatformData/getCaps/isTextureValid,Native handles and actual atomics formats; no vendor-ID-only tier selection.,DP/DU,BU/BH,candidate source/API mapping; no integration or runtime qualification
P02,Swap/pacing/resize,ISwapChain::Present/Resize,reset/frame; recreate/rebind framebuffers/views,Library WSI path plus generation cancellation; present vs graphics completion differs.,DP,BV/BH,candidate source/API mapping; no integration or runtime qualification
P03,Shutdown/loss/recovery,IDeviceContext::WaitForIdle; library resource release; restart policy,CallbackI::fatal(Fatal::DeviceLost); shutdown; restart policy,No automatic loss reconstruction proven; terminate pending waits/consumers and producer jobs.,DP/DH,BH,candidate source/API mapping; no integration or runtime qualification
B01,Autobuild/dependency/toolchain/staging,Pinned Diligent CMake Vulkan core/module package; offline SPIR-V/reflection assets,Pinned bgfx/bx/bimg/shaderc package; shader binary/container assets,No SDK installation/build here; closed manifest/notices/platform runtime staging must qualify.,Diligent pinned CMake/license,bgfx pinned config/license,candidate source/API mapping; no integration or runtime qualification
S01,Scene primitives/sculpt/flexible geometry,IRenderDevice::CreateBuffer/CreateTexture; IDeviceContext::UpdateBuffer/UpdateTexture/CopyTexture; IDeviceContext::SetPipelineState/CommitShaderResources/SetVertexBuffers/SetIndexBuffer/DrawIndexed,createVertexBuffer/createTexture2D; copy/makeRef; update(DynamicVertexBufferHandle)/updateTexture2D; Encoder::setState/setVertexBuffer/setIndexBuffer/setTexture/setUniform/submit,Keep simulation/geometry semantics; versioned uploads and origin shifts.,DC/DS/DH/DR,BV/BS/BH,candidate source/API mapping; no integration or runtime qualification
S02,Downloaded mesh/LOD/batches,IRenderDevice::CreateBuffer/CreateTexture; IDeviceContext::UpdateBuffer/UpdateTexture/CopyTexture; IDeviceContext::SetPipelineState/CommitShaderResources/SetVertexBuffers/SetIndexBuffer/DrawIndexed,createVertexBuffer/createTexture2D; copy/makeRef; update(DynamicVertexBufferHandle)/updateTexture2D; Encoder::setState/setVertexBuffer/setIndexBuffer/setTexture/setUniform/submit,Keep missing-LOD fallback/face IDs/order; library buffer layout/update capacity.,DC/DS/DH/DR,BV/BS/BH,candidate source/API mapping; no integration or runtime qualification
S03,Culling/occlusion/render masks,IDeviceContext::SetPipelineState/CommitShaderResources/SetVertexBuffers/SetIndexBuffer/DrawIndexed; BeginQuery/EndQuery/IQuery::GetData,Encoder::setState/setVertexBuffer/setIndexBuffer/setTexture/setUniform/submit; createOcclusionQuery/getResult/setCondition,CPU culling retained; library queries asynchronous; no false rejection after teleport.,DC/DH,BV/BH,candidate source/API mapping; no integration or runtime qualification
S04,Avatar morph/joints/attachments/rigging,IRenderDevice::CreateBuffer/CreateTexture; IDeviceContext::UpdateBuffer/UpdateTexture/CopyTexture; IDeviceContext::SetPipelineState/CommitShaderResources/SetVertexBuffers/SetIndexBuffer/DrawIndexed,createVertexBuffer/createTexture2D; copy/makeRef; update(DynamicVertexBufferHandle)/updateTexture2D; Encoder::setState/setVertexBuffer/setIndexBuffer/setTexture/setUniform/submit,CPU joint/morph outputs; palette reflection and rigged/HUD/impostor identity.,DC/DS/DH/DR,BV/BS/BH,candidate source/API mapping; no integration or runtime qualification
S05,Terrain mesh/layer/seam generation,IRenderDevice::CreateBuffer/CreateTexture; IDeviceContext::UpdateBuffer/UpdateTexture/CopyTexture; IDeviceContext::SetPipelineState/CommitShaderResources/SetVertexBuffers/SetIndexBuffer/DrawIndexed,createVertexBuffer/createTexture2D; copy/makeRef; update(DynamicVertexBufferHandle)/updateTexture2D; Encoder::setState/setVertexBuffer/setIndexBuffer/setTexture/setUniform/submit,CPU patch topology; custom shaders and descriptor pressure.,DC/DS/DH/DR,BV/BS/BH,candidate source/API mapping; no integration or runtime qualification
S06,Particles/ribbons/HUD clouds,IRenderDevice::CreateBuffer/CreateTexture; IDeviceContext::UpdateBuffer/UpdateTexture/CopyTexture; IDeviceContext::SetPipelineState/CommitShaderResources/SetVertexBuffers/SetIndexBuffer/DrawIndexed,createVertexBuffer/createTexture2D; copy/makeRef; update(DynamicVertexBufferHandle)/updateTexture2D; Encoder::setState/setVertexBuffer/setIndexBuffer/setTexture/setUniform/submit,CPU permissions/simulation; source custom blends and deterministic order.,DC/DS/DH/DR,BV/BS/BH,candidate source/API mapping; no integration or runtime qualification
S07,Fetch/decode/sculpt raw/residency,IRenderDevice::CreateBuffer/CreateTexture; IDeviceContext::UpdateBuffer/UpdateTexture/CopyTexture; IDeviceContext::SetPipelineState/CommitShaderResources/SetVertexBuffers/SetIndexBuffer/DrawIndexed,createVertexBuffer/createTexture2D; copy/makeRef; update(DynamicVertexBufferHandle)/updateTexture2D; Encoder::setState/setVertexBuffer/setIndexBuffer/setTexture/setUniform/submit,Network/cache unchanged; CPU alpha masks retained through texture generations.,DC/DS/DH/DR,BV/BS/BH,candidate source/API mapping; no integration or runtime qualification
S08,TE/material/PBR overrides/UV animation,IRenderDevice::CreateBuffer/CreateTexture; IDeviceContext::UpdateBuffer/UpdateTexture/CopyTexture; IDeviceContext::SetPipelineState/CommitShaderResources/SetVertexBuffers/SetIndexBuffer/DrawIndexed,createVertexBuffer/createTexture2D; copy/makeRef; update(DynamicVertexBufferHandle)/updateTexture2D; Encoder::setState/setVertexBuffer/setIndexBuffer/setTexture/setUniform/submit,Versioned material bindings and draw-class changes; no generic material substitution.,DC/DS/DH/DR,BV/BS/BH,candidate source/API mapping; no integration or runtime qualification
S09,Separate glTF scenes/nodes/skins,IRenderDevice::CreateBuffer/CreateTexture; IDeviceContext::UpdateBuffer/UpdateTexture/CopyTexture; IDeviceContext::SetPipelineState/CommitShaderResources/SetVertexBuffers/SetIndexBuffer/DrawIndexed,createVertexBuffer/createTexture2D; copy/makeRef; update(DynamicVertexBufferHandle)/updateTexture2D; Encoder::setState/setVertexBuffer/setIndexBuffer/setTexture/setUniform/submit,Keep node/primitive identities; storage palette/material slices and accepted extension gap.,DC/DS/DH/DR,BV/BS/BH,candidate source/API mapping; no integration or runtime qualification
S10,Local avatar composite/bake RGBA+morph mask,IDeviceContext::SetRenderTargets/SetPipelineState/CommitShaderResources/Draw; TransitionResourceStates; IDeviceContext::CopyTexture/EnqueueSignal/Flush; IFence::GetCompletedValue/Wait; MapTextureSubresource,setViewFrameBuffer/setViewOrder; Encoder::setTexture/setUniform/submit; Encoder::blit; read(TextureRegion); frame(BGFX_FRAME_FLUSH); stable destination until returned frame,Preserve synchronous legacy consumer and five-channel wire encoding; bgfx frame bridge gate.,DC/DH,BV/BH,candidate source/API mapping; no integration or runtime qualification
U01,Ordered UI/widgets/images/scissor,IDeviceContext::SetPipelineState/CommitShaderResources/SetVertexBuffers/SetIndexBuffer/DrawIndexed; SetScissorRects,Encoder::setState/setVertexBuffer/setIndexBuffer/setTexture/setUniform/submit; setViewMode(Sequential)/setScissor,Contiguous compatible batching only; XUI behavior untouched.,DC,BV,candidate source/API mapping; no integration or runtime qualification
U02,FreeType/glyph atlas/text shadows,IRenderDevice::CreateBuffer/CreateTexture; IDeviceContext::UpdateBuffer/UpdateTexture/CopyTexture; IDeviceContext::SetPipelineState/CommitShaderResources/SetVertexBuffers/SetIndexBuffer/DrawIndexed,createVertexBuffer/createTexture2D; copy/makeRef; update(DynamicVertexBufferHandle)/updateTexture2D; Encoder::setState/setVertexBuffer/setIndexBuffer/setTexture/setUniform/submit,CPU metrics/rasterization unchanged; atlas dirty generations/format/color emoji.,DC/DH/DR,BV/BH,candidate source/API mapping; no integration or runtime qualification
U03,World labels/HUD icons/text,IDeviceContext::SetPipelineState/CommitShaderResources/SetVertexBuffers/SetIndexBuffer/DrawIndexed; view/depth policy,Encoder::setState/setVertexBuffer/setIndexBuffer/setTexture/setUniform/submit; dedicated view transform,CPU labels/visibility retained; distinct world depth vs screen-only paths.,DC,BV,candidate source/API mapping; no integration or runtime qualification
U04,3D HUD attachment/selection view,ITexture::CreateView; IDeviceContext::SetRenderTargets/SetViewports/SetScissorRects/TransitionResourceStates; IDeviceContext::SetPipelineState/CommitShaderResources/SetVertexBuffers/SetIndexBuffer/DrawIndexed,Attachment/FrameBufferHandle; setViewFrameBuffer/setViewRect/setViewTransform/setViewOrder; Encoder::setState/setVertexBuffer/setIndexBuffer/setTexture/setUniform/submit,Separate HUD depth/material/particle/RLVa zoom policy; not flat UI.,DC/DR,BV,candidate source/API mapping; no integration or runtime qualification
U05,Minimap/worldmap/image tiles,IRenderDevice::CreateBuffer/CreateTexture; IDeviceContext::UpdateBuffer/UpdateTexture/CopyTexture; IDeviceContext::SetPipelineState/CommitShaderResources/SetVertexBuffers/SetIndexBuffer/DrawIndexed,createVertexBuffer/createTexture2D; copy/makeRef; update(DynamicVertexBufferHandle)/updateTexture2D; Encoder::setState/setVertexBuffer/setIndexBuffer/setTexture/setUniform/submit,CPU raster/tile ownership/coordinate restrictions; ordered icons/lines.,DC/DH/DR,BV/BH,candidate source/API mapping; no integration or runtime qualification
U06,Browser/media texture generations,IRenderDevice::CreateBuffer/CreateTexture; IDeviceContext::UpdateBuffer/UpdateTexture/CopyTexture,createVertexBuffer/createTexture2D; copy/makeRef; update(DynamicVertexBufferHandle)/updateTexture2D,Plugin shared memory copied/retained beyond lock; orientation/channel/dirty-region conversion.,DH/DR,BH,candidate source/API mapping; no integration or runtime qualification
A01,Color/depth/tiled snapshots,ITexture::CreateView; IDeviceContext::SetRenderTargets/SetViewports/SetScissorRects/TransitionResourceStates; IDeviceContext::CopyTexture/EnqueueSignal/Flush; IFence::GetCompletedValue/Wait; MapTextureSubresource,Attachment/FrameBufferHandle; setViewFrameBuffer/setViewRect/setViewTransform/setViewOrder; Encoder::blit; read(TextureRegion); frame(BGFX_FRAME_FLUSH); stable destination until returned frame,No normal present required; row order/tile/UI/no-post policy and depth copy/packing.,DC/DH/DR,BV/BH,candidate source/API mapping; no integration or runtime qualification
A02,CPU picking + GPU depth consumers,CPU ray intersection retained; IDeviceContext::CopyTexture/EnqueueSignal/Flush; IFence::GetCompletedValue/Wait; MapTextureSubresource,CPU ray intersection retained; Encoder::blit; read(TextureRegion); frame(BGFX_FRAME_FLUSH); stable destination until returned frame,No generic GPU ID replacement; asynchronous depth latency versus exact caller contract.,DH,BH,candidate source/API mapping; no integration or runtime qualification
A03,Dynamic previews/PBR thumbnails,ITexture::CreateView; IDeviceContext::SetRenderTargets/SetViewports/SetScissorRects/TransitionResourceStates; IDeviceContext::SetPipelineState/CommitShaderResources/SetVertexBuffers/SetIndexBuffer/DrawIndexed,Attachment/FrameBufferHandle; setViewFrameBuffer/setViewRect/setViewTransform/setViewOrder; Encoder::setState/setVertexBuffer/setIndexBuffer/setTexture/setUniform/submit,Flatten mutable callbacks before recording; preserve camera/scissor/depth and selected texture.,DC/DH/DR,BV/BH,candidate source/API mapping; no integration or runtime qualification
A04,Avatar impostor/profile images,ITexture::CreateView; IDeviceContext::SetRenderTargets/SetViewports/SetScissorRects/TransitionResourceStates; IDeviceContext::SetPipelineState/CommitShaderResources/SetVertexBuffers/SetIndexBuffer/DrawIndexed,Attachment/FrameBufferHandle; setViewFrameBuffer/setViewRect/setViewTransform/setViewOrder; Encoder::setState/setVertexBuffer/setIndexBuffer/setTexture/setUniform/submit,Retain silhouette/framing/update hysteresis and offscreen avatar/attachment policies; live appearance hints are A03/S10 consumers.,DC/DH/DR,BV/BH,candidate source/API mapping; no integration or runtime qualification
A05,HUD selection/debug auxiliary paths,IDeviceContext::SetPipelineState/CommitShaderResources/SetVertexBuffers/SetIndexBuffer/DrawIndexed; BeginDebugGroup/InsertDebugLabel,Encoder::setState/setVertexBuffer/setIndexBuffer/setTexture/setUniform/submit; setMarker/setDebug,Preserve state/widths/depth; bounded geometry replacement only when needed.,DC,BV/BS,candidate source/API mapping; no integration or runtime qualification
A06,Scene loading monitor capture/comparison/query,IDeviceContext::SetRenderTargets/SetPipelineState/CommitShaderResources/Draw; TransitionResourceStates; BeginQuery/EndQuery/IQuery::GetData; IDeviceContext::CopyTexture/EnqueueSignal/Flush; IFence::GetCompletedValue/Wait; MapTextureSubresource,setViewFrameBuffer/setViewOrder; Encoder::setTexture/setUniform/submit; createOcclusionQuery/getResult; Encoder::blit; read(TextureRegion); frame(BGFX_FRAME_FLUSH); stable destination until returned frame,"Preserve pre-finalization sampled stage, frozen-scene and comparison timing; query/reduction results completion-driven.",DC/DH,BV/BH,candidate source/API mapping; no integration or runtime qualification
H01,Avatar helper/palette shaders,IRenderDevice::CreateShader/CreateGraphicsPipelineState/CreatePipelineResourceSignature; IShader::GetResourceDesc,shaderc SPIR-V path; createShader/createProgram/createUniform; setUniform/setTexture/setBuffer/setImage,"Palette packing, weights and all rigged/shadow consumers.",DS,BS,candidate source/API mapping; no integration or runtime qualification
H02,Deferred/material/light/alpha/post shader family,IRenderDevice::CreateShader/CreateGraphicsPipelineState/CreatePipelineResourceSignature; IShader::GetResourceDesc,shaderc SPIR-V path; createShader/createProgram/createUniform; setUniform/setTexture/setBuffer/setImage,"Realized permutations, MRT encodings, PPLL stage/resources and post quality.",DS/DU,BS/BU,candidate source/API mapping; no integration or runtime qualification
H03,Glow extraction/blur/combine,IRenderDevice::CreateShader/CreateGraphicsPipelineState/CreatePipelineResourceSignature; IShader::GetResourceDesc,shaderc SPIR-V path; createShader/createProgram/createUniform; setUniform/setTexture/setBuffer/setImage,Reference taps/noise/alpha/color and downsample extents.,DS,BS,candidate source/API mapping; no integration or runtime qualification
H04,Water/fog/conversion shader family,IRenderDevice::CreateShader/CreateGraphicsPipelineState/CreatePipelineResourceSignature; IShader::GetResourceDesc,shaderc SPIR-V path; createShader/createProgram/createUniform; setUniform/setTexture/setBuffer/setImage,"Detached scene/depth, plane/time/EEP inputs and underwater ordering.",DS,BS,candidate source/API mapping; no integration or runtime qualification
H05,glTF node/material/joint blocks,IRenderDevice::CreateShader/CreateGraphicsPipelineState/CreatePipelineResourceSignature; IShader::GetResourceDesc,shaderc SPIR-V path; createShader/createProgram/createUniform; setUniform/setTexture/setBuffer/setImage,Exact block layout/range/binding plus alpha/unlit/multi-UV routes; bgfx conversion gate.,DS,BS,candidate source/API mapping; no integration or runtime qualification
H06,UI/debug/aux/probe/bake/occlusion shader family,IRenderDevice::CreateShader/CreateGraphicsPipelineState/CreatePipelineResourceSignature; IShader::GetResourceDesc,shaderc SPIR-V path; createShader/createProgram/createUniform; setUniform/setTexture/setBuffer/setImage,Split by semantic role; optional geometry debug alternatives.,DS,BS,candidate source/API mapping; no integration or runtime qualification
H07,Classic lighting linked helper family,IRenderDevice::CreateShader/CreateGraphicsPipelineState/CreatePipelineResourceSignature; IShader::GetResourceDesc,shaderc SPIR-V path; createShader/createProgram/createUniform; setUniform/setTexture/setBuffer/setImage,Explicit light/view inputs and original selection/attenuation.,DS,BS,candidate source/API mapping; no integration or runtime qualification
H08,Objects/indexed texture/preview shaders,IRenderDevice::CreateShader/CreateGraphicsPipelineState/CreatePipelineResourceSignature; IShader::GetResourceDesc,shaderc SPIR-V path; createShader/createProgram/createUniform; setUniform/setTexture/setBuffer/setImage,Current active indexed texture channels are four; preserve packed bit carrier or qualify repacking.,DS,BS,candidate source/API mapping; no integration or runtime qualification
H09,Vignette/snapshot frame post helpers,IRenderDevice::CreateShader/CreateGraphicsPipelineState/CreatePipelineResourceSignature; IShader::GetResourceDesc,shaderc SPIR-V path; createShader/createProgram/createUniform; setUniform/setTexture/setBuffer/setImage,Capture inclusion and normalized-vs-pixel coordinates.,DS,BS,candidate source/API mapping; no integration or runtime qualification
H10,Dormant root error-entry shaders,IRenderDevice::CreateShader/CreateGraphicsPipelineState/CreatePipelineResourceSignature; IShader::GetResourceDesc,shaderc SPIR-V path; createShader/createProgram/createUniform; setUniform/setTexture/setBuffer/setImage,No required production route; optional diagnostic program only as deliberate design.,DS,BS,candidate source/API mapping; no integration or runtime qualification
H11,WindLight/environment shared functions,IRenderDevice::CreateShader/CreateGraphicsPipelineState/CreatePipelineResourceSignature; IShader::GetResourceDesc,shaderc SPIR-V path; createShader/createProgram/createUniform; setUniform/setTexture/setBuffer/setImage,View-specific environment/math/varyings; no state leakage between main/probe/capture.,DS,BS,candidate source/API mapping; no integration or runtime qualification
