path,direct_gl_symbols,coverage
indra/llappearance/llavatarjoint.cpp,,inventory candidate; see ledger/gaps; symbol presence does not prove execution
indra/llappearance/llavatarjointmesh.cpp,,inventory candidate; see ledger/gaps; symbol presence does not prove execution
indra/llappearance/llavatarjointmesh.h,,inventory candidate; see ledger/gaps; symbol presence does not prove execution
indra/llappearance/lllocaltextureobject.cpp,,inventory candidate; see ledger/gaps; symbol presence does not prove execution
indra/llappearance/lllocaltextureobject.h,,inventory candidate; see ledger/gaps; symbol presence does not prove execution
indra/llappearance/lltexlayer.cpp,glGetError;glGetTexImage;glGetTexLevelParameteriv;glReadPixels,inventory candidate; see ledger/gaps; symbol presence does not prove execution
indra/llappearance/lltexlayer.h,,inventory candidate; see ledger/gaps; symbol presence does not prove execution
indra/llappearance/lltexlayerparams.cpp,,inventory candidate; see ledger/gaps; symbol presence does not prove execution
indra/llappearance/lltexlayerparams.h,,inventory candidate; see ledger/gaps; symbol presence does not prove execution
indra/llappearance/llwearable.cpp,,inventory candidate; see ledger/gaps; symbol presence does not prove execution
indra/llcommon/llprofiler.h,glObjectLabel,inventory candidate; see ledger/gaps; symbol presence does not prove execution
indra/llrender/llcubemap.cpp,glEnable;glGenerateMipmap,inventory candidate; see ledger/gaps; symbol presence does not prove execution
indra/llrender/llcubemaparray.cpp,glGetTexImage;glTexImage3D;glTexSubImage3D,inventory candidate; see ledger/gaps; symbol presence does not prove execution
indra/llrender/llfontbitmapcache.cpp,,inventory candidate; see ledger/gaps; symbol presence does not prove execution
indra/llrender/llfontgl.cpp,,inventory candidate; see ledger/gaps; symbol presence does not prove execution
indra/llrender/llfontvertexbuffer.cpp,,inventory candidate; see ledger/gaps; symbol presence does not prove execution
indra/llrender/llgl.cpp,glClientActiveTexture;glClientWaitSync;glDeleteSync;glDepthFunc;glDepthMask;glDisable;glEnable;glFenceSync;glFinish;glGetBooleanv;glGetBufferParameteriv;glGetError;glGetFloatv;glGetIntegerv;glGetString;glGetStringi;glHint;glIsEnabled,inventory candidate; see ledger/gaps; symbol presence does not prove execution
indra/llrender/llgl.h,,inventory candidate; see ledger/gaps; symbol presence does not prove execution
indra/llrender/llglheaders.h,glBindBufferARB;glBindFramebufferEXT;glBindRenderbufferEXT;glBlendFuncSeparateEXT;glBufferDataARB;glBufferSubDataARB;glCheckFramebufferStatusEXT;glDeleteBuffersARB;glDeleteFramebuffersEXT;glDeleteRenderbuffersEXT;glFramebufferRenderbufferEXT;glFramebufferTexture1DEXT;glFramebufferTexture2DEXT;glFramebufferTexture3DEXT;glGenBuffersARB;glGenFramebuffersEXT;glGenRenderbuffersEXT;glGenerateMipmapEXT;glGetBufferParameterivARB;glGetBufferPointervARB;glGetBufferSubDataARB;glGetFramebufferAttachmentParameterivEXT;glGetRenderbufferParameterivEXT;glIsBufferARB;glIsFramebufferEXT;glIsRenderbufferEXT;glMapBufferARB;glRenderbufferStorageEXT;glUnmapBufferARB,inventory candidate; see ledger/gaps; symbol presence does not prove execution
indra/llrender/llglslshader.cpp,glAttachShader;glBindAttribLocation;glGetActiveUniform;glGetAttribLocation;glGetProgramInfoLog;glGetProgramiv;glGetShaderiv;glGetUniformBlockIndex;glGetUniformLocation;glUniform1f;glUniform1fv;glUniform1i;glUniform1iv;glUniform2f;glUniform2fv;glUniform2i;glUniform3f;glUniform3fv;glUniform4f;glUniform4fv;glUniform4iv;glUniform4uiv;glUniformBlockBinding;glUniformMatrix2fv;glUniformMatrix3fv;glUniformMatrix3x4fv;glUniformMatrix4fv;glUseProgram;glVertexAttrib4f;glVertexAttrib4fv,inventory candidate; see ledger/gaps; symbol presence does not prove execution
indra/llrender/llglslshader.h,,inventory candidate; see ledger/gaps; symbol presence does not prove execution
indra/llrender/llglstates.h,glMaterialfv;glMateriali,inventory candidate; see ledger/gaps; symbol presence does not prove execution
indra/llrender/llgltexture.cpp,,inventory candidate; see ledger/gaps; symbol presence does not prove execution
indra/llrender/llgltexture.h,,inventory candidate; see ledger/gaps; symbol presence does not prove execution
indra/llrender/llimagegl.cpp,glAreTexturesResident;glBindBuffer;glBufferData;glClientWaitSync;glCompressedTexImage2D;glCopyTexSubImage2D;glDeleteBuffers;glDeleteSync;glDeleteTextures;glDrawArrays;glFenceSync;glFlush;glGenBuffers;glGenTextures;glGenerateMipmap;glGetCompressedTexImage;glGetError;glGetIntegerv;glGetTexImage;glGetTexLevelParameteriv;glPixelStorei;glTexImage2D;glTexParameteri;glTexParameteriv;glTexSubImage2D;glViewport;glWaitSync,inventory candidate; see ledger/gaps; symbol presence does not prove execution
indra/llrender/llpostprocess.cpp,glClear;glClearColor;glCopyTexImage2D;glGetError;glGetProgramInfoLog;glGetShaderiv;glGetUniformLocation;glPopAttrib;glPopClientAttrib;glPushAttrib;glPushClientAttrib;glTexImage2D,inventory candidate; see ledger/gaps; symbol presence does not prove execution
indra/llrender/llrender.cpp,glActiveTexture;glBindTexture;glBindVertexArray;glBlendFunc;glBlendFuncSeparate;glColorMask;glCullFace;glDebugMessageCallback;glEnable;glGenVertexArrays;glGetError;glGetFloatv;glGetIntegerv;glIsEnabled;glLineWidth;glPixelStorei;glTexParameterf;glTexParameteri,inventory candidate; see ledger/gaps; symbol presence does not prove execution
indra/llrender/llrender2dutils.cpp,,inventory candidate; see ledger/gaps; symbol presence does not prove execution
indra/llrender/llrender2dutils.h,,inventory candidate; see ledger/gaps; symbol presence does not prove execution
indra/llrender/llrendernavprim.cpp,,inventory candidate; see ledger/gaps; symbol presence does not prove execution
indra/llrender/llrendersphere.cpp,,inventory candidate; see ledger/gaps; symbol presence does not prove execution
indra/llrender/llrendertarget.cpp,glBindFramebuffer;glCheckFramebufferStatus;glClear;glDeleteFramebuffers;glDrawBuffer;glDrawBuffers;glFramebufferTexture2D;glGenFramebuffers;glGenerateMipmap;glGetError;glReadBuffer;glScissor;glViewport,inventory candidate; see ledger/gaps; symbol presence does not prove execution
indra/llrender/llshadermgr.cpp,glCompileShader;glCreateShader;glDeleteShader;glGetError;glGetProgramBinary;glGetProgramInfoLog;glGetProgramiv;glGetShaderInfoLog;glGetShaderiv;glIsProgram;glIsShader;glLinkProgram;glProgramBinary;glProgramParameteri;glShaderSource;glValidateProgram,inventory candidate; see ledger/gaps; symbol presence does not prove execution
indra/llrender/llshadermgr.h,,inventory candidate; see ledger/gaps; symbol presence does not prove execution
indra/llrender/lltexturemanagerbridge.h,,inventory candidate; see ledger/gaps; symbol presence does not prove execution
indra/llrender/lluiimage.cpp,,inventory candidate; see ledger/gaps; symbol presence does not prove execution
indra/llrender/llvertexbuffer.cpp,glBindBuffer;glBufferData;glBufferSubData;glDeleteBuffers;glDisableVertexAttribArray;glDrawArrays;glDrawRangeElements;glEnableVertexAttribArray;glGenBuffers;glVertexAttribIPointer;glVertexAttribPointer,inventory candidate; see ledger/gaps; symbol presence does not prove execution
indra/llui/llaccordionctrltab.cpp,,inventory candidate; see ledger/gaps; symbol presence does not prove execution
indra/llui/llbadge.cpp,,inventory candidate; see ledger/gaps; symbol presence does not prove execution
indra/llui/llbutton.cpp,,inventory candidate; see ledger/gaps; symbol presence does not prove execution
indra/llui/llconsole.cpp,,inventory candidate; see ledger/gaps; symbol presence does not prove execution
indra/llui/llcontainerview.cpp,,inventory candidate; see ledger/gaps; symbol presence does not prove execution
indra/llui/llfloater.cpp,,inventory candidate; see ledger/gaps; symbol presence does not prove execution
indra/llui/llfolderviewitem.cpp,,inventory candidate; see ledger/gaps; symbol presence does not prove execution
indra/llui/lliconctrl.cpp,,inventory candidate; see ledger/gaps; symbol presence does not prove execution
indra/llui/lllineeditor.cpp,,inventory candidate; see ledger/gaps; symbol presence does not prove execution
indra/llui/lllocalcliprect.cpp,glScissor,inventory candidate; see ledger/gaps; symbol presence does not prove execution
indra/llui/lllocalcliprect.h,,inventory candidate; see ledger/gaps; symbol presence does not prove execution
indra/llui/llmenugl.cpp,,inventory candidate; see ledger/gaps; symbol presence does not prove execution
indra/llui/llmultislider.cpp,,inventory candidate; see ledger/gaps; symbol presence does not prove execution
indra/llui/llscrollbar.cpp,,inventory candidate; see ledger/gaps; symbol presence does not prove execution
indra/llui/llscrollcontainer.cpp,,inventory candidate; see ledger/gaps; symbol presence does not prove execution
indra/llui/llscrolllistctrl.cpp,,inventory candidate; see ledger/gaps; symbol presence does not prove execution
indra/llui/llscrolllistitem.cpp,,inventory candidate; see ledger/gaps; symbol presence does not prove execution
indra/llui/llslider.cpp,,inventory candidate; see ledger/gaps; symbol presence does not prove execution
indra/llui/llstatbar.cpp,,inventory candidate; see ledger/gaps; symbol presence does not prove execution
indra/llui/llstatgraph.cpp,,inventory candidate; see ledger/gaps; symbol presence does not prove execution
indra/llui/lltextbase.cpp,,inventory candidate; see ledger/gaps; symbol presence does not prove execution
indra/llui/llview.cpp,,inventory candidate; see ledger/gaps; symbol presence does not prove execution
indra/llui/llviewborder.cpp,,inventory candidate; see ledger/gaps; symbol presence does not prove execution
indra/llui/llvirtualtrackball.cpp,,inventory candidate; see ledger/gaps; symbol presence does not prove execution
indra/llui/llxyvector.cpp,,inventory candidate; see ledger/gaps; symbol presence does not prove execution
indra/llwindow/llwindowmesaheadless.cpp,glFinish,inventory candidate; see ledger/gaps; symbol presence does not prove execution
indra/llwindow/llwindowsdl.cpp,glDisable;glGetIntegerv,inventory candidate; see ledger/gaps; symbol presence does not prove execution
indra/llwindow/llwindowsdl2.cpp,glClear;glClearColor;glDisable,inventory candidate; see ledger/gaps; symbol presence does not prove execution
indra/llwindow/llwindowwin32.cpp,glClear;glClearColor,inventory candidate; see ledger/gaps; symbol presence does not prove execution
indra/llwindow/tests/linux_zink_loader_test.cpp,glGetString,inventory candidate; see ledger/gaps; symbol presence does not prove execution
indra/newview/animationexplorer.cpp,,inventory candidate; see ledger/gaps; symbol presence does not prove execution
indra/newview/fsfloateravataralign.cpp,,inventory candidate; see ledger/gaps; symbol presence does not prove execution
indra/newview/fsfloaterprimfeed.cpp,,inventory candidate; see ledger/gaps; symbol presence does not prove execution
indra/newview/fsjointrotatetool.cpp,,inventory candidate; see ledger/gaps; symbol presence does not prove execution
indra/newview/fsmaniprotatejoint.cpp,glGetError,inventory candidate; see ledger/gaps; symbol presence does not prove execution
indra/newview/fsmaniptranslatejoint.cpp,,inventory candidate; see ledger/gaps; symbol presence does not prove execution
indra/newview/fspanelface.cpp,,inventory candidate; see ledger/gaps; symbol presence does not prove execution
indra/newview/gltf/animation.cpp,glBindBuffer;glBufferData;glDeleteBuffers;glGenBuffers,inventory candidate; see ledger/gaps; symbol presence does not prove execution
indra/newview/gltf/asset.cpp,glBindBuffer;glBufferData;glGenBuffers,inventory candidate; see ledger/gaps; symbol presence does not prove execution
indra/newview/gltf/asset.h,,inventory candidate; see ledger/gaps; symbol presence does not prove execution
indra/newview/gltf/primitive.cpp,,inventory candidate; see ledger/gaps; symbol presence does not prove execution
indra/newview/gltfscenemanager.cpp,glActiveTexture;glBindBufferBase;glBindTexture;glPolygonMode;glTexParameteri,inventory candidate; see ledger/gaps; symbol presence does not prove execution
indra/newview/lggbeamcolormapfloater.cpp,,inventory candidate; see ledger/gaps; symbol presence does not prove execution
indra/newview/lggbeammapfloater.cpp,,inventory candidate; see ledger/gaps; symbol presence does not prove execution
indra/newview/llagent.cpp,,inventory candidate; see ledger/gaps; symbol presence does not prove execution
indra/newview/llappviewer.cpp,glDeleteTextures;glGetString,inventory candidate; see ledger/gaps; symbol presence does not prove execution
indra/newview/llbox.cpp,,inventory candidate; see ledger/gaps; symbol presence does not prove execution
indra/newview/llcolorswatch.cpp,,inventory candidate; see ledger/gaps; symbol presence does not prove execution
indra/newview/llcylinder.cpp,,inventory candidate; see ledger/gaps; symbol presence does not prove execution
indra/newview/lldrawpool.cpp,glColor4ubv,inventory candidate; see ledger/gaps; symbol presence does not prove execution
indra/newview/lldrawpool.h,,inventory candidate; see ledger/gaps; symbol presence does not prove execution
indra/newview/lldrawpoolalpha.cpp,,inventory candidate; see ledger/gaps; symbol presence does not prove execution
indra/newview/lldrawpoolalpha.h,,inventory candidate; see ledger/gaps; symbol presence does not prove execution
indra/newview/lldrawpoolavatar.cpp,,inventory candidate; see ledger/gaps; symbol presence does not prove execution
indra/newview/lldrawpoolavatar.h,,inventory candidate; see ledger/gaps; symbol presence does not prove execution
indra/newview/lldrawpoolbump.cpp,glGenerateMipmap;glPolygonOffset,inventory candidate; see ledger/gaps; symbol presence does not prove execution
indra/newview/lldrawpoolbump.h,,inventory candidate; see ledger/gaps; symbol presence does not prove execution
indra/newview/lldrawpoolmaterials.cpp,glUniform1f;glUniform4fv,inventory candidate; see ledger/gaps; symbol presence does not prove execution
indra/newview/lldrawpoolmaterials.h,,inventory candidate; see ledger/gaps; symbol presence does not prove execution
indra/newview/lldrawpoolpbropaque.cpp,,inventory candidate; see ledger/gaps; symbol presence does not prove execution
indra/newview/lldrawpoolsimple.cpp,glPolygonOffset,inventory candidate; see ledger/gaps; symbol presence does not prove execution
indra/newview/lldrawpoolsimple.h,,inventory candidate; see ledger/gaps; symbol presence does not prove execution
indra/newview/lldrawpoolsky.h,,inventory candidate; see ledger/gaps; symbol presence does not prove execution
indra/newview/lldrawpoolterrain.cpp,glDisable;glEnable;glPolygonOffset;glTexGenfv;glTexGeni,inventory candidate; see ledger/gaps; symbol presence does not prove execution
indra/newview/lldrawpooltree.cpp,glPolygonOffset,inventory candidate; see ledger/gaps; symbol presence does not prove execution
indra/newview/lldrawpoolwater.cpp,,inventory candidate; see ledger/gaps; symbol presence does not prove execution
indra/newview/lldrawpoolwater.h,,inventory candidate; see ledger/gaps; symbol presence does not prove execution
indra/newview/lldrawpoolwaterexclusion.cpp,,inventory candidate; see ledger/gaps; symbol presence does not prove execution
indra/newview/lldrawpoolwaterexclusion.h,,inventory candidate; see ledger/gaps; symbol presence does not prove execution
indra/newview/lldrawpoolwlsky.cpp,glClear,inventory candidate; see ledger/gaps; symbol presence does not prove execution
indra/newview/lldrawpoolwlsky.h,,inventory candidate; see ledger/gaps; symbol presence does not prove execution
indra/newview/lldynamictexture.cpp,glClear;glViewport,inventory candidate; see ledger/gaps; symbol presence does not prove execution
indra/newview/llenvironment.cpp,,inventory candidate; see ledger/gaps; symbol presence does not prove execution
indra/newview/llenvironment.h,,inventory candidate; see ledger/gaps; symbol presence does not prove execution
indra/newview/llface.cpp,glPolygonMode;glPolygonOffset,inventory candidate; see ledger/gaps; symbol presence does not prove execution
indra/newview/llfasttimerview.cpp,glReadPixels,inventory candidate; see ledger/gaps; symbol presence does not prove execution
indra/newview/llfeaturemanager.cpp,,inventory candidate; see ledger/gaps; symbol presence does not prove execution
indra/newview/llfetchedgltfmaterial.cpp,,inventory candidate; see ledger/gaps; symbol presence does not prove execution
indra/newview/llfetchedgltfmaterial.h,,inventory candidate; see ledger/gaps; symbol presence does not prove execution
indra/newview/llfloaterauction.cpp,,inventory candidate; see ledger/gaps; symbol presence does not prove execution
indra/newview/llfloaterbigpreview.cpp,,inventory candidate; see ledger/gaps; symbol presence does not prove execution
indra/newview/llfloaterbvhpreview.cpp,,inventory candidate; see ledger/gaps; symbol presence does not prove execution
indra/newview/llfloaterchangeitemthumbnail.cpp,,inventory candidate; see ledger/gaps; symbol presence does not prove execution
indra/newview/llfloatercolorpicker.cpp,,inventory candidate; see ledger/gaps; symbol presence does not prove execution
indra/newview/llfloaterflickr.cpp,,inventory candidate; see ledger/gaps; symbol presence does not prove execution
indra/newview/llfloaterimagepreview.cpp,glClear,inventory candidate; see ledger/gaps; symbol presence does not prove execution
indra/newview/llfloatermodelpreview.cpp,,inventory candidate; see ledger/gaps; symbol presence does not prove execution
indra/newview/llfloaterprofiletexture.cpp,,inventory candidate; see ledger/gaps; symbol presence does not prove execution
indra/newview/llfloaterreporter.cpp,,inventory candidate; see ledger/gaps; symbol presence does not prove execution
indra/newview/llfloaterscriptdebug.cpp,,inventory candidate; see ledger/gaps; symbol presence does not prove execution
indra/newview/llfloatersimplesnapshot.cpp,,inventory candidate; see ledger/gaps; symbol presence does not prove execution
indra/newview/llfloatersnapshot.cpp,,inventory candidate; see ledger/gaps; symbol presence does not prove execution
indra/newview/llfloateruipreview.cpp,,inventory candidate; see ledger/gaps; symbol presence does not prove execution
indra/newview/llglsandbox.cpp,,inventory candidate; see ledger/gaps; symbol presence does not prove execution
indra/newview/llgltfmaterialpreviewmgr.cpp,glClear;glClearColor,inventory candidate; see ledger/gaps; symbol presence does not prove execution
indra/newview/llheroprobemanager.cpp,glCopyTexSubImage3D;glViewport,inventory candidate; see ledger/gaps; symbol presence does not prove execution
indra/newview/llhudeffectbeam.cpp,,inventory candidate; see ledger/gaps; symbol presence does not prove execution
indra/newview/llhudeffectblob.cpp,,inventory candidate; see ledger/gaps; symbol presence does not prove execution
indra/newview/llhudeffectlookat.cpp,,inventory candidate; see ledger/gaps; symbol presence does not prove execution
indra/newview/llhudeffectpointat.cpp,,inventory candidate; see ledger/gaps; symbol presence does not prove execution
indra/newview/llhudicon.cpp,,inventory candidate; see ledger/gaps; symbol presence does not prove execution
indra/newview/llhudnametag.cpp,,inventory candidate; see ledger/gaps; symbol presence does not prove execution
indra/newview/llhudobject.cpp,,inventory candidate; see ledger/gaps; symbol presence does not prove execution
indra/newview/llhudrender.cpp,,inventory candidate; see ledger/gaps; symbol presence does not prove execution
indra/newview/llhudtext.cpp,,inventory candidate; see ledger/gaps; symbol presence does not prove execution
indra/newview/llinspecttexture.cpp,,inventory candidate; see ledger/gaps; symbol presence does not prove execution
indra/newview/lljoystickbutton.cpp,,inventory candidate; see ledger/gaps; symbol presence does not prove execution
indra/newview/llmanip.cpp,,inventory candidate; see ledger/gaps; symbol presence does not prove execution
indra/newview/llmaniprotate.cpp,,inventory candidate; see ledger/gaps; symbol presence does not prove execution
indra/newview/llmanipscale.cpp,glPolygonOffset,inventory candidate; see ledger/gaps; symbol presence does not prove execution
indra/newview/llmaniptranslate.cpp,glCullFace;glStencilFunc;glStencilMask;glStencilOp,inventory candidate; see ledger/gaps; symbol presence does not prove execution
indra/newview/llmediactrl.cpp,,inventory candidate; see ledger/gaps; symbol presence does not prove execution
indra/newview/llmodelpreview.cpp,glClear;glPointSize;glPolygonMode,inventory candidate; see ledger/gaps; symbol presence does not prove execution
indra/newview/llnetmap.cpp,,inventory candidate; see ledger/gaps; symbol presence does not prove execution
indra/newview/lloutfitgallery.cpp,,inventory candidate; see ledger/gaps; symbol presence does not prove execution
indra/newview/llpanelface.cpp,,inventory candidate; see ledger/gaps; symbol presence does not prove execution
indra/newview/llpreviewtexture.cpp,,inventory candidate; see ledger/gaps; symbol presence does not prove execution
indra/newview/llprogressview.cpp,,inventory candidate; see ledger/gaps; symbol presence does not prove execution
indra/newview/llreflectionmap.cpp,glBeginQuery;glDeleteQueries;glEndQuery;glGenQueries;glGetQueryObjectuiv,inventory candidate; see ledger/gaps; symbol presence does not prove execution
indra/newview/llreflectionmapmanager.cpp,glBindBuffer;glBindBufferBase;glBufferData;glCopyTexSubImage3D;glDeleteBuffers;glGenBuffers;glGenerateMipmap;glPointSize;glTexImage2D;glViewport,inventory candidate; see ledger/gaps; symbol presence does not prove execution
indra/newview/llscenemonitor.cpp,glBeginQuery;glBindFramebuffer;glColorMask;glCopyTexSubImage2D;glEndQuery;glGetQueryObjectuiv,inventory candidate; see ledger/gaps; symbol presence does not prove execution
indra/newview/llsceneview.cpp,,inventory candidate; see ledger/gaps; symbol presence does not prove execution
indra/newview/llscripteditor.cpp,,inventory candidate; see ledger/gaps; symbol presence does not prove execution
indra/newview/llscrollingpanelparam.cpp,,inventory candidate; see ledger/gaps; symbol presence does not prove execution
indra/newview/llselectmgr.cpp,glPolygonMode,inventory candidate; see ledger/gaps; symbol presence does not prove execution
indra/newview/llsettingsvo.cpp,,inventory candidate; see ledger/gaps; symbol presence does not prove execution
indra/newview/llsettingsvo.h,,inventory candidate; see ledger/gaps; symbol presence does not prove execution
indra/newview/llsnapshotlivepreview.cpp,glGetFloatv,inventory candidate; see ledger/gaps; symbol presence does not prove execution
indra/newview/llspatialpartition.cpp,glDrawElements;glPolygonMode;glPolygonOffset;glVertexPointer,inventory candidate; see ledger/gaps; symbol presence does not prove execution
indra/newview/llstartup.cpp,,inventory candidate; see ledger/gaps; symbol presence does not prove execution
indra/newview/llterrainpaintmap.cpp,glClearColor;glGenerateMipmap;glViewport,inventory candidate; see ledger/gaps; symbol presence does not prove execution
indra/newview/lltexturectrl.cpp,,inventory candidate; see ledger/gaps; symbol presence does not prove execution
indra/newview/lltextureview.cpp,,inventory candidate; see ledger/gaps; symbol presence does not prove execution
indra/newview/llthumbnailctrl.cpp,,inventory candidate; see ledger/gaps; symbol presence does not prove execution
indra/newview/lltoolbrush.cpp,,inventory candidate; see ledger/gaps; symbol presence does not prove execution
indra/newview/lltoolcomp.cpp,,inventory candidate; see ledger/gaps; symbol presence does not prove execution
indra/newview/lltoolmorph.cpp,,inventory candidate; see ledger/gaps; symbol presence does not prove execution
indra/newview/lltoolselectrect.cpp,,inventory candidate; see ledger/gaps; symbol presence does not prove execution
indra/newview/lltracker.cpp,,inventory candidate; see ledger/gaps; symbol presence does not prove execution
indra/newview/llviewercamera.cpp,glViewport,inventory candidate; see ledger/gaps; symbol presence does not prove execution
indra/newview/llviewerdisplay.cpp,glClear;glClearColor;glCullFace;glPolygonMode;glViewport,inventory candidate; see ledger/gaps; symbol presence does not prove execution
indra/newview/llviewerjoint.cpp,glCullFace,inventory candidate; see ledger/gaps; symbol presence does not prove execution
indra/newview/llviewerjointattachment.cpp,,inventory candidate; see ledger/gaps; symbol presence does not prove execution
indra/newview/llviewerjointmesh.cpp,,inventory candidate; see ledger/gaps; symbol presence does not prove execution
indra/newview/llviewermedia.cpp,,inventory candidate; see ledger/gaps; symbol presence does not prove execution
indra/newview/llviewerobject.cpp,,inventory candidate; see ledger/gaps; symbol presence does not prove execution
indra/newview/llviewerobject.h,,inventory candidate; see ledger/gaps; symbol presence does not prove execution
indra/newview/llvieweroctree.cpp,glBeginQuery;glEndQuery;glGenQueries;glGetQueryObjectuiv,inventory candidate; see ledger/gaps; symbol presence does not prove execution
indra/newview/llviewerparcelmgr.cpp,,inventory candidate; see ledger/gaps; symbol presence does not prove execution
indra/newview/llviewerparceloverlay.cpp,,inventory candidate; see ledger/gaps; symbol presence does not prove execution
indra/newview/llviewerparceloverlay.h,,inventory candidate; see ledger/gaps; symbol presence does not prove execution
indra/newview/llviewershadermgr.cpp,,inventory candidate; see ledger/gaps; symbol presence does not prove execution
indra/newview/llviewershadermgr.h,,inventory candidate; see ledger/gaps; symbol presence does not prove execution
indra/newview/llviewertexlayer.cpp,glReadPixels,inventory candidate; see ledger/gaps; symbol presence does not prove execution
indra/newview/llviewertexture.cpp,,inventory candidate; see ledger/gaps; symbol presence does not prove execution
indra/newview/llviewertexture.h,,inventory candidate; see ledger/gaps; symbol presence does not prove execution
indra/newview/llviewertexturelist.cpp,,inventory candidate; see ledger/gaps; symbol presence does not prove execution
indra/newview/llviewertexturelist.h,,inventory candidate; see ledger/gaps; symbol presence does not prove execution
indra/newview/llviewerwearable.cpp,,inventory candidate; see ledger/gaps; symbol presence does not prove execution
indra/newview/llviewerwindow.cpp,glClear;glClearColor;glCullFace;glPolygonMode;glPolygonOffset;glReadPixels;glViewport,inventory candidate; see ledger/gaps; symbol presence does not prove execution
indra/newview/llvlcomposition.cpp,,inventory candidate; see ledger/gaps; symbol presence does not prove execution
indra/newview/llvoavatar.cpp,glBeginQuery;glEndQuery;glGenQueries;glGetQueryObjectui64v,inventory candidate; see ledger/gaps; symbol presence does not prove execution
indra/newview/llvoavatar.h,,inventory candidate; see ledger/gaps; symbol presence does not prove execution
indra/newview/llvoavatarself.h,,inventory candidate; see ledger/gaps; symbol presence does not prove execution
indra/newview/llvograss.cpp,,inventory candidate; see ledger/gaps; symbol presence does not prove execution
indra/newview/llvoicevisualizer.cpp,,inventory candidate; see ledger/gaps; symbol presence does not prove execution
indra/newview/llvosky.cpp,,inventory candidate; see ledger/gaps; symbol presence does not prove execution
indra/newview/llvotree.cpp,,inventory candidate; see ledger/gaps; symbol presence does not prove execution
indra/newview/llvovolume.cpp,,inventory candidate; see ledger/gaps; symbol presence does not prove execution
indra/newview/llvowlsky.cpp,,inventory candidate; see ledger/gaps; symbol presence does not prove execution
indra/newview/llworld.cpp,,inventory candidate; see ledger/gaps; symbol presence does not prove execution
indra/newview/llworldmap.cpp,,inventory candidate; see ledger/gaps; symbol presence does not prove execution
indra/newview/llworldmapview.cpp,,inventory candidate; see ledger/gaps; symbol presence does not prove execution
indra/newview/llworldmipmap.cpp,,inventory candidate; see ledger/gaps; symbol presence does not prove execution
indra/newview/piemenu.cpp,,inventory candidate; see ledger/gaps; symbol presence does not prove execution
indra/newview/pipeline.cpp,glBindBuffer;glBindBufferBase;glBindImageTexture;glBindTexture;glBufferData;glBufferStorage;glBufferSubData;glCheckFramebufferStatus;glClear;glClearColor;glClearTexImage;glCopyImageSubData;glDeleteBuffers;glDeleteQueries;glDeleteTextures;glDrawBuffers;glGenBuffers;glGenTextures;glGetBufferParameteriv;glGetBufferSubData;glGetError;glGetInteger64v;glGetIntegerv;glMemoryBarrier;glPointSize;glPolygonMode;glPolygonOffset;glTexParameteri;glTexStorage2D;glViewport,inventory candidate; see ledger/gaps; symbol presence does not prove execution
indra/newview/pipeline.h,,inventory candidate; see ledger/gaps; symbol presence does not prove execution
indra/newview/qtoolalign.cpp,,inventory candidate; see ledger/gaps; symbol presence does not prove execution
indra/newview/rlveffects.cpp,glViewport,inventory candidate; see ledger/gaps; symbol presence does not prove execution
indra/newview/rlveffects.h,,inventory candidate; see ledger/gaps; symbol presence does not prove execution
indra/newview/rlvhandler.cpp,,inventory candidate; see ledger/gaps; symbol presence does not prove execution
indra/newview/tests/llglslshader_stub.cpp,,inventory candidate; see ledger/gaps; symbol presence does not prove execution
indra/newview/tests/llviewershadermgr_stub.cpp,,inventory candidate; see ledger/gaps; symbol presence does not prove execution
indra/newview/tests/llwlparamset_stub.cpp,,inventory candidate; see ledger/gaps; symbol presence does not prove execution
indra/newview/tests/llworldmap_test.cpp,,inventory candidate; see ledger/gaps; symbol presence does not prove execution
indra/newview/tests/llworldmipmap_test.cpp,,inventory candidate; see ledger/gaps; symbol presence does not prove execution
